foreclojure.api/api-routes,clojure.core/dissoc
foreclojure.api/api-routes,clojure.core/get-in
foreclojure.api/api-routes,clout.core/route-compile
foreclojure.api/api-routes,compojure.core/make-route
foreclojure.api/api-routes,compojure.core/routes
foreclojure.api/api-routes,foreclojure.ring/wrap-json
foreclojure.api/api-routes,foreclojure.utils/as-int
foreclojure.api/api-routes,somnium.congomongo/fetch-one
foreclojure.api/api-routes,useful.map/update-each
foreclojure.config/config,useful.config/load-config
foreclojure.config/repo-url,foreclojure.config/config
foreclojure.core/-main,clojure.core/hash-map
foreclojure.core/-main,clojure.core/pop-thread-bindings
foreclojure.core/-main,clojure.core/push-thread-bindings
foreclojure.core/-main,foreclojure.core/run
foreclojure.core/app,foreclojure.core/host-handlers
foreclojure.core/app,foreclojure.ring/split-hosts
foreclojure.core/app,foreclojure.ring/wrap-404
foreclojure.core/app,ring.middleware.gzip/wrap-gzip
foreclojure.core/dynamic-routes,clojure.core/identity
foreclojure.core/dynamic-routes,compojure.core/routes
foreclojure.core/dynamic-routes,compojure.handler/site
foreclojure.core/dynamic-routes,foreclojure.api/api-routes
foreclojure.core/dynamic-routes,foreclojure.config/config
foreclojure.core/dynamic-routes,foreclojure.datatable/datatable-routes
foreclojure.core/dynamic-routes,foreclojure.golf/golf-routes
foreclojure.core/dynamic-routes,foreclojure.graphs/graph-routes
foreclojure.core/dynamic-routes,foreclojure.home/home-routes
foreclojure.core/dynamic-routes,foreclojure.login/login-routes
foreclojure.core/dynamic-routes,foreclojure.problems/problems-routes
foreclojure.core/dynamic-routes,foreclojure.register/register-routes
foreclojure.core/dynamic-routes,foreclojure.ring-utils/wrap-request-bindings
foreclojure.core/dynamic-routes,foreclojure.ring/wrap-strip-trailing-slash
foreclojure.core/dynamic-routes,foreclojure.settings/settings-routes
foreclojure.core/dynamic-routes,foreclojure.social/social-routes
foreclojure.core/dynamic-routes,foreclojure.static/static-routes
foreclojure.core/dynamic-routes,foreclojure.users/users-routes
foreclojure.core/dynamic-routes,foreclojure.version/version-routes
foreclojure.core/dynamic-routes,mongo-session.core/mongo-session
foreclojure.core/dynamic-routes,noir.session/wrap-noir-flash
foreclojure.core/dynamic-routes,noir.session/wrap-noir-session
foreclojure.core/dynamic-routes,ring.middleware.reload/wrap-reload
foreclojure.core/host-handlers,clojure.core/chunk
foreclojure.core/host-handlers,clojure.core/chunk-append
foreclojure.core/host-handlers,clojure.core/chunk-buffer
foreclojure.core/host-handlers,clojure.core/chunk-cons
foreclojure.core/host-handlers,clojure.core/chunk-first
foreclojure.core/host-handlers,clojure.core/chunk-rest
foreclojure.core/host-handlers,clojure.core/chunked-seq?
foreclojure.core/host-handlers,clojure.core/cons
foreclojure.core/host-handlers,clojure.core/first
foreclojure.core/host-handlers,clojure.core/into
foreclojure.core/host-handlers,clojure.core/reduce
foreclojure.core/host-handlers,clojure.core/rest
foreclojure.core/host-handlers,clojure.core/seq
foreclojure.core/host-handlers,compojure.core/routes
foreclojure.core/host-handlers,foreclojure.config/dynamic-host
foreclojure.core/host-handlers,foreclojure.config/redirect-hosts
foreclojure.core/host-handlers,foreclojure.config/static-host
foreclojure.core/host-handlers,foreclojure.core/dynamic-routes
foreclojure.core/host-handlers,foreclojure.core/redirect-routes
foreclojure.core/host-handlers,foreclojure.core/resource-routes
foreclojure.core/redirect-routes,clojure.core/name
foreclojure.core/redirect-routes,clojure.core/seq
foreclojure.core/redirect-routes,clojure.core/seq?
foreclojure.core/redirect-routes,clojure.core/str
foreclojure.core/redirect-routes,foreclojure.config/canonical-host
foreclojure.core/register-heartbeat,clojure.core/*out*
foreclojure.core/register-heartbeat,clojure.core/apply
foreclojure.core/register-heartbeat,clojure.core/format
foreclojure.core/register-heartbeat,foreclojure.config/config
foreclojure.core/register-heartbeat,foreclojure.periodic/schedule-task
foreclojure.core/resource-routes,compojure.core/routes
foreclojure.core/resource-routes,foreclojure.ring/resources
foreclojure.core/resource-routes,foreclojure.ring/wrap-url-as-file
foreclojure.core/resource-routes,foreclojure.ring/wrap-versioned-expiry
foreclojure.core/resource-routes,ring.middleware.file-info/wrap-file-info
foreclojure.data-set/load-problems,clojure.core/map
foreclojure.data-set/load-problems,clojure.core/str
foreclojure.data-set/load-problems,somnium.congomongo/insert!
foreclojure.datatable/datatable-routes,clojure.core/dissoc
foreclojure.datatable/datatable-routes,clout.core/route-compile
foreclojure.datatable/datatable-routes,compojure.core/make-route
foreclojure.datatable/datatable-routes,compojure.core/routes
foreclojure.datatable/datatable-routes,foreclojure.ring/wrap-json
foreclojure.datatable/datatable-routes,foreclojure.users/user-datatable-query
foreclojure.feeds/create-feed,clojure.core/apply
foreclojure.feeds/create-feed,clojure.data.xml/element
foreclojure.feeds/create-feed,clojure.data.xml/emit-str
foreclojure.golf/golf-opt-in-box,clojure.core/list
foreclojure.golf/golf-opt-in-box,foreclojure.users/golfer?
foreclojure.golf/golf-opt-in-box,hiccup.form/check-box
foreclojure.golf/golf-opt-in-box,hiccup.form/form-to
foreclojure.golf/golf-routes,clojure.core/get-in
foreclojure.golf/golf-routes,clout.core/route-compile
foreclojure.golf/golf-routes,compojure.core/make-route
foreclojure.golf/golf-routes,compojure.core/routes
foreclojure.golf/golf-routes,foreclojure.golf/golfer-page
foreclojure.golf/golf-routes,foreclojure.golf/opt-in-page
foreclojure.golf/golf-routes,foreclojure.golf/set-golfer
foreclojure.golf/golfer-page,foreclojure.template/html-doc
foreclojure.golf/opt-in-page,clojure.core/list
foreclojure.golf/opt-in-page,clojure.core/seq
foreclojure.golf/opt-in-page,clojure.core/seq?
foreclojure.golf/opt-in-page,foreclojure.golf/golf-opt-in-box
foreclojure.golf/opt-in-page,foreclojure.messages/err-msg
foreclojure.golf/opt-in-page,foreclojure.template/content-page
foreclojure.golf/opt-in-page,foreclojure.template/html-doc
foreclojure.golf/opt-in-page,foreclojure.utils/get-user
foreclojure.golf/opt-in-page,foreclojure.utils/login-link
foreclojure.golf/opt-in-page,hiccup.element/link-to
foreclojure.golf/opt-in-page,noir.session/get
foreclojure.golf/set-golfer,clojure.core/seq
foreclojure.golf/set-golfer,clojure.core/seq?
foreclojure.golf/set-golfer,foreclojure.messages/err-msg
foreclojure.golf/set-golfer,foreclojure.utils/get-user
foreclojure.golf/set-golfer,foreclojure.utils/login-link
foreclojure.golf/set-golfer,noir.session/get
foreclojure.golf/set-golfer,ring.util.response/redirect
foreclojure.golf/set-golfer,somnium.congomongo/update!
foreclojure.graphs/fetch-score-frequencies,clojure.core/deref
foreclojure.graphs/fetch-score-frequencies,clojure.core/dissoc
foreclojure.graphs/fetch-score-frequencies,foreclojure.problems/solved-stats
foreclojure.graphs/graph-routes,clojure.core/get-in
foreclojure.graphs/graph-routes,clojure.core/map
foreclojure.graphs/graph-routes,clojure.core/seq
foreclojure.graphs/graph-routes,clout.core/route-compile
foreclojure.graphs/graph-routes,compojure.core/make-route
foreclojure.graphs/graph-routes,compojure.core/routes
foreclojure.graphs/graph-routes,foreclojure.graphs/make-problem-plot
foreclojure.graphs/graph-routes,foreclojure.graphs/serve-plot
foreclojure.graphs/make-problem-plot,clojure.core/apply
foreclojure.graphs/make-problem-plot,clojure.core/assoc
foreclojure.graphs/make-problem-plot,clojure.core/concat
foreclojure.graphs/make-problem-plot,clojure.core/not=
foreclojure.graphs/make-problem-plot,clojure.core/seq
foreclojure.graphs/make-problem-plot,clojure.core/str
foreclojure.graphs/make-problem-plot,foreclojure.graphs/fetch-score-frequencies
foreclojure.graphs/make-problem-plot,foreclojure.graphs/un-group
foreclojure.graphs/make-problem-plot,incanter.charts/add-pointer
foreclojure.graphs/make-problem-plot,incanter.charts/add-text
foreclojure.graphs/make-problem-plot,incanter.charts/histogram*
foreclojure.graphs/make-problem-plot,incanter.charts/set-theme
foreclojure.graphs/serve-plot,incanter.core/save
foreclojure.graphs/un-group,clojure.core/apply
foreclojure.graphs/un-group,clojure.core/chunk
foreclojure.graphs/un-group,clojure.core/chunk-append
foreclojure.graphs/un-group,clojure.core/chunk-buffer
foreclojure.graphs/un-group,clojure.core/chunk-cons
foreclojure.graphs/un-group,clojure.core/chunk-first
foreclojure.graphs/un-group,clojure.core/chunk-rest
foreclojure.graphs/un-group,clojure.core/chunked-seq?
foreclojure.graphs/un-group,clojure.core/concat
foreclojure.graphs/un-group,clojure.core/cons
foreclojure.graphs/un-group,clojure.core/first
foreclojure.graphs/un-group,clojure.core/repeat
foreclojure.graphs/un-group,clojure.core/rest
foreclojure.graphs/un-group,clojure.core/seq
foreclojure.home/home-routes,clout.core/route-compile
foreclojure.home/home-routes,compojure.core/make-route
foreclojure.home/home-routes,compojure.core/routes
foreclojure.home/home-routes,foreclojure.home/welcome-page
foreclojure.home/welcome-page,clojure.core/deref
foreclojure.home/welcome-page,clojure.core/seq
foreclojure.home/welcome-page,clojure.core/seq?
foreclojure.home/welcome-page,foreclojure.config/repo-url
foreclojure.home/welcome-page,foreclojure.home/df
foreclojure.home/welcome-page,foreclojure.login/login-box
foreclojure.home/welcome-page,foreclojure.problems/solved-stats
foreclojure.home/welcome-page,foreclojure.template/html-doc
foreclojure.home/welcome-page,foreclojure.utils/get-user
foreclojure.home/welcome-page,hiccup.form/hidden-field
foreclojure.home/welcome-page,noir.session/get
foreclojure.login/do-login,clojure.core/seq
foreclojure.login/do-login,clojure.core/seq?
foreclojure.login/do-login,foreclojure.utils/flash-error
foreclojure.login/do-login,foreclojure.utils/from-mongo
foreclojure.login/do-login,noir.session/get
foreclojure.login/do-login,noir.session/put!
foreclojure.login/do-login,noir.session/remove!
foreclojure.login/do-login,ring.util.response/redirect
foreclojure.login/do-login,somnium.congomongo/fetch-one
foreclojure.login/do-login,somnium.congomongo/update!
foreclojure.login/do-reset-password!,clojure.core/seq
foreclojure.login/do-reset-password!,clojure.core/seq?
foreclojure.login/do-reset-password!,clojure.core/spit
foreclojure.login/do-reset-password!,clojure.core/str
foreclojure.login/do-reset-password!,foreclojure.login/password-reset-url
foreclojure.login/do-reset-password!,foreclojure.login/try-to-email
foreclojure.login/do-reset-password!,foreclojure.messages/err-msg
foreclojure.login/do-reset-password!,foreclojure.utils/flash-error
foreclojure.login/do-reset-password!,foreclojure.utils/flash-msg
foreclojure.login/do-reset-password!,foreclojure.utils/login-url
foreclojure.login/do-reset-password!,noir.session/put!
foreclojure.login/do-reset-password!,somnium.congomongo/fetch-one
foreclojure.login/login-box,hiccup.form/form-to
foreclojure.login/login-box,hiccup.form/label
foreclojure.login/login-box,hiccup.form/password-field
foreclojure.login/login-box,hiccup.form/text-field
foreclojure.login/login-routes,clojure.core/get-in
foreclojure.login/login-routes,clojure.core/seq
foreclojure.login/login-routes,clojure.core/seq?
foreclojure.login/login-routes,clout.core/route-compile
foreclojure.login/login-routes,compojure.core/make-route
foreclojure.login/login-routes,compojure.core/routes
foreclojure.login/login-routes,foreclojure.login/do-login
foreclojure.login/login-routes,foreclojure.login/do-reset-password!
foreclojure.login/login-routes,foreclojure.login/my-login-page
foreclojure.login/login-routes,foreclojure.login/reset-password-page
foreclojure.login/login-routes,noir.session/remove!
foreclojure.login/login-routes,ring.util.response/redirect
foreclojure.login/my-login-page,foreclojure.login/login-box
foreclojure.login/my-login-page,foreclojure.template/content-page
foreclojure.login/my-login-page,foreclojure.template/html-doc
foreclojure.login/my-login-page,noir.session/put!
foreclojure.login/reset-password-page,foreclojure.template/html-doc
foreclojure.login/reset-password-page,hiccup.form/form-to
foreclojure.login/reset-password-page,hiccup.form/label
foreclojure.login/reset-password-page,hiccup.form/text-field
foreclojure.login/reset-password-page,noir.session/flash-get
foreclojure.login/try-to-email,clojail.core/thunk-timeout
foreclojure.login/try-to-email,clojure.core/*out*
foreclojure.login/try-to-email,clojure.core/hash-map
foreclojure.login/try-to-email,clojure.core/pop-thread-bindings
foreclojure.login/try-to-email,clojure.core/push-thread-bindings
foreclojure.login/try-to-email,clojure.core/seq
foreclojure.login/try-to-email,clojure.core/seq?
foreclojure.login/try-to-email,clojure.core/str
foreclojure.login/try-to-email,clojure.stacktrace/print-cause-trace
foreclojure.login/try-to-email,foreclojure.login/password-reset-url
foreclojure.login/try-to-email,foreclojure.login/random-pwd
foreclojure.login/try-to-email,foreclojure.utils/send-email
foreclojure.login/try-to-email,somnium.congomongo/update!
foreclojure.messages/err-msg,clojure.core/apply
foreclojure.messages/err-msg,clojure.core/cons
foreclojure.messages/err-msg,clojure.core/format
foreclojure.messages/err-msg,foreclojure.messages/err-msg-map
foreclojure.messages/err-msg-map,foreclojure.messages/load-props
foreclojure.messages/load-props,clojure.core/into
foreclojure.mongo/connect-to-db,clojure.core/seq
foreclojure.mongo/connect-to-db,clojure.core/seq?
foreclojure.mongo/connect-to-db,foreclojure.config/config
foreclojure.mongo/connect-to-db,somnium.congomongo/authenticate
foreclojure.mongo/connect-to-db,somnium.congomongo/mongo!
foreclojure.mongo/prepare-mongo,foreclojure.mongo/connect-to-db
foreclojure.mongo/prepare-mongo,foreclojure.mongo/prepare-problems
foreclojure.mongo/prepare-mongo,foreclojure.mongo/prepare-seqs
foreclojure.mongo/prepare-mongo,foreclojure.mongo/prepare-solutions
foreclojure.mongo/prepare-mongo,foreclojure.mongo/prepare-users
foreclojure.mongo/prepare-mongo,foreclojure.mongo/reconcile-solved-count
foreclojure.mongo/prepare-problems,foreclojure.data-set/load-problems
foreclojure.mongo/prepare-problems,somnium.congomongo/add-index!
foreclojure.mongo/prepare-problems,somnium.congomongo/fetch-one
foreclojure.mongo/prepare-seqs,clojure.core/apply
foreclojure.mongo/prepare-seqs,clojure.core/map
foreclojure.mongo/prepare-seqs,clojure.core/max
foreclojure.mongo/prepare-seqs,somnium.congomongo/fetch
foreclojure.mongo/prepare-seqs,somnium.congomongo/update!
foreclojure.mongo/prepare-solutions,somnium.congomongo/add-index!
foreclojure.mongo/prepare-users,foreclojure.config/config
foreclojure.mongo/prepare-users,somnium.congomongo/add-index!
foreclojure.mongo/prepare-users,somnium.congomongo/update!
foreclojure.mongo/reconcile-solved-count,clojure.core/+
foreclojure.mongo/reconcile-solved-count,clojure.core/assoc
foreclojure.mongo/reconcile-solved-count,clojure.core/chunk
foreclojure.mongo/reconcile-solved-count,clojure.core/chunk-append
foreclojure.mongo/reconcile-solved-count,clojure.core/chunk-buffer
foreclojure.mongo/reconcile-solved-count,clojure.core/chunk-cons
foreclojure.mongo/reconcile-solved-count,clojure.core/chunk-first
foreclojure.mongo/reconcile-solved-count,clojure.core/chunk-rest
foreclojure.mongo/reconcile-solved-count,clojure.core/chunked-seq?
foreclojure.mongo/reconcile-solved-count,clojure.core/cons
foreclojure.mongo/reconcile-solved-count,clojure.core/constantly
foreclojure.mongo/reconcile-solved-count,clojure.core/first
foreclojure.mongo/reconcile-solved-count,clojure.core/fnil
foreclojure.mongo/reconcile-solved-count,clojure.core/frequencies
foreclojure.mongo/reconcile-solved-count,clojure.core/int
foreclojure.mongo/reconcile-solved-count,clojure.core/map
foreclojure.mongo/reconcile-solved-count,clojure.core/mapcat
foreclojure.mongo/reconcile-solved-count,clojure.core/reduce
foreclojure.mongo/reconcile-solved-count,clojure.core/rest
foreclojure.mongo/reconcile-solved-count,clojure.core/send
foreclojure.mongo/reconcile-solved-count,clojure.core/seq
foreclojure.mongo/reconcile-solved-count,clojure.core/update-in
foreclojure.mongo/reconcile-solved-count,clojure.core/vals
foreclojure.mongo/reconcile-solved-count,foreclojure.problems/number-from-mongo-key
foreclojure.mongo/reconcile-solved-count,foreclojure.problems/solved-stats
foreclojure.mongo/reconcile-solved-count,somnium.congomongo/fetch
foreclojure.periodic/pool,clojure.core/memoize
foreclojure.periodic/schedule-task,foreclojure.periodic/pool
foreclojure.periodic/schedule-task,foreclojure.periodic/uglify-time-unit
foreclojure.periodic/uglify-time-unit,clojure.core/chunk
foreclojure.periodic/uglify-time-unit,clojure.core/chunk-append
foreclojure.periodic/uglify-time-unit,clojure.core/chunk-buffer
foreclojure.periodic/uglify-time-unit,clojure.core/chunk-cons
foreclojure.periodic/uglify-time-unit,clojure.core/chunk-first
foreclojure.periodic/uglify-time-unit,clojure.core/chunk-rest
foreclojure.periodic/uglify-time-unit,clojure.core/chunked-seq?
foreclojure.periodic/uglify-time-unit,clojure.core/concat
foreclojure.periodic/uglify-time-unit,clojure.core/cons
foreclojure.periodic/uglify-time-unit,clojure.core/first
foreclojure.periodic/uglify-time-unit,clojure.core/into
foreclojure.periodic/uglify-time-unit,clojure.core/rest
foreclojure.periodic/uglify-time-unit,clojure.core/seq
foreclojure.problems/access-unapproved-problem-list-page,foreclojure.problems/unapproved-problem-list-page
foreclojure.problems/access-unapproved-problem-list-page,foreclojure.utils/approver?
foreclojure.problems/access-unapproved-problem-list-page,foreclojure.utils/flash-error
foreclojure.problems/access-unapproved-problem-list-page,noir.session/get
foreclojure.problems/approve-problem,clojure.core/format
foreclojure.problems/approve-problem,clojure.core/println
foreclojure.problems/approve-problem,clojure.core/seq
foreclojure.problems/approve-problem,clojure.core/seq?
foreclojure.problems/approve-problem,clojure.core/str
foreclojure.problems/approve-problem,foreclojure.users/email-address
foreclojure.problems/approve-problem,foreclojure.utils/approver?
foreclojure.problems/approve-problem,foreclojure.utils/flash-error
foreclojure.problems/approve-problem,foreclojure.utils/flash-msg
foreclojure.problems/approve-problem,foreclojure.utils/from-mongo
foreclojure.problems/approve-problem,foreclojure.utils/send-email
foreclojure.problems/approve-problem,hiccup.element/link-to
foreclojure.problems/approve-problem,noir.session/get
foreclojure.problems/approve-problem,somnium.congomongo/fetch-one
foreclojure.problems/approve-problem,somnium.congomongo/update!
foreclojure.problems/code-box,clojure.core/map
foreclojure.problems/code-box,clojure.core/partial
foreclojure.problems/code-box,clojure.core/seq
foreclojure.problems/code-box,clojure.core/seq?
foreclojure.problems/code-box,clojure.core/some
foreclojure.problems/code-box,clojure.core/str
foreclojure.problems/code-box,clojure.core/vector
foreclojure.problems/code-box,clojure.string/join
foreclojure.problems/code-box,foreclojure.problems/get-problem
foreclojure.problems/code-box,foreclojure.problems/render-golf-chart
foreclojure.problems/code-box,foreclojure.problems/render-golf-score
foreclojure.problems/code-box,foreclojure.problems/render-test-cases
foreclojure.problems/code-box,foreclojure.problems/wants-no-javascript-codebox?
foreclojure.problems/code-box,foreclojure.ring-utils/*url*
foreclojure.problems/code-box,foreclojure.solutions/get-solution
foreclojure.problems/code-box,foreclojure.template/html-doc
foreclojure.problems/code-box,foreclojure.users/get-user-id
foreclojure.problems/code-box,foreclojure.users/mailto
foreclojure.problems/code-box,foreclojure.utils/get-user
foreclojure.problems/code-box,hiccup.element/link-to
foreclojure.problems/code-box,hiccup.form/form-to
foreclojure.problems/code-box,hiccup.form/hidden-field
foreclojure.problems/code-box,hiccup.form/text-area
foreclojure.problems/code-box,noir.session/flash-get
foreclojure.problems/code-box,noir.session/get
foreclojure.problems/code-length,clojure.core/first
foreclojure.problems/code-length,clojure.core/reduce
foreclojure.problems/code-length,clojure.core/str
foreclojure.problems/create-problem,clojure.core/empty?
foreclojure.problems/create-problem,clojure.core/map?
foreclojure.problems/create-problem,clojure.core/merge
foreclojure.problems/create-problem,clojure.core/not
foreclojure.problems/create-problem,clojure.core/println
foreclojure.problems/create-problem,clojure.core/re-seq
foreclojure.problems/create-problem,clojure.core/str
foreclojure.problems/create-problem,clojure.core/true?
foreclojure.problems/create-problem,clojure.string/split
foreclojure.problems/create-problem,foreclojure.users/email-address
foreclojure.problems/create-problem,foreclojure.utils/approver?
foreclojure.problems/create-problem,foreclojure.utils/can-submit?
foreclojure.problems/create-problem,foreclojure.utils/flash-error
foreclojure.problems/create-problem,foreclojure.utils/flash-msg
foreclojure.problems/create-problem,foreclojure.utils/send-email
foreclojure.problems/create-problem,hiccup.element/link-to
foreclojure.problems/create-problem,noir.session/get
foreclojure.problems/create-problem,somnium.congomongo/fetch-and-modify
foreclojure.problems/create-problem,somnium.congomongo/fetch-one
foreclojure.problems/create-problem,somnium.congomongo/update!
foreclojure.problems/edit-problem,clojure.core/chunk-first
foreclojure.problems/edit-problem,clojure.core/chunk-rest
foreclojure.problems/edit-problem,clojure.core/chunked-seq?
foreclojure.problems/edit-problem,clojure.core/first
foreclojure.problems/edit-problem,clojure.core/next
foreclojure.problems/edit-problem,clojure.core/seq
foreclojure.problems/edit-problem,clojure.core/seq?
foreclojure.problems/edit-problem,clojure.string/join
foreclojure.problems/edit-problem,foreclojure.problems/get-problem
foreclojure.problems/edit-problem,foreclojure.utils/approver?
foreclojure.problems/edit-problem,foreclojure.utils/flash-error
foreclojure.problems/edit-problem,noir.session/flash-put!
foreclojure.problems/edit-problem,noir.session/get
foreclojure.problems/edit-problem,ring.util.response/redirect
foreclojure.problems/generate-unapproved-problems-list,clojure.core/list
foreclojure.problems/generate-unapproved-problems-list,clojure.core/map
foreclojure.problems/generate-unapproved-problems-list,clojure.core/map-indexed
foreclojure.problems/generate-unapproved-problems-list,clojure.core/seq
foreclojure.problems/generate-unapproved-problems-list,clojure.core/seq?
foreclojure.problems/generate-unapproved-problems-list,clojure.core/str
foreclojure.problems/generate-unapproved-problems-list,clojure.string/join
foreclojure.problems/generate-unapproved-problems-list,foreclojure.problems/get-problem-list
foreclojure.problems/generate-unapproved-problems-list,foreclojure.utils/row-class
foreclojure.problems/get-problem,foreclojure.utils/from-mongo
foreclojure.problems/get-problem,somnium.congomongo/fetch-one
foreclojure.problems/get-problem-list,foreclojure.problems/get-problem-list
foreclojure.problems/get-problem-list,foreclojure.utils/from-mongo
foreclojure.problems/get-problem-list,somnium.congomongo/fetch
foreclojure.problems/get-recent-problems,clojure.core/map
foreclojure.problems/get-recent-problems,clojure.core/take-last
foreclojure.problems/get-recent-problems,foreclojure.problems/get-problem
foreclojure.problems/get-recent-problems,foreclojure.problems/get-problem-list
foreclojure.problems/get-tester,clojail.testers/blacklist-symbols
foreclojure.problems/get-tester,clojail.testers/secure-tester
foreclojure.problems/get-tester,clojure.core/concat
foreclojure.problems/get-tester,clojure.core/conj
foreclojure.problems/get-tester,clojure.core/map
foreclojure.problems/get-tester,clojure.core/set
foreclojure.problems/get-tester,clojure.core/symbol
foreclojure.problems/get-tester,foreclojure.problems/restricted-list
foreclojure.problems/mark-completed,clojure.core/not
foreclojure.problems/mark-completed,clojure.core/seq
foreclojure.problems/mark-completed,clojure.core/seq?
foreclojure.problems/mark-completed,clojure.core/str
foreclojure.problems/mark-completed,foreclojure.problems/next-problem-link
foreclojure.problems/mark-completed,foreclojure.problems/store-completed-state!
foreclojure.problems/mark-completed,foreclojure.utils/login-link
foreclojure.problems/mark-completed,noir.session/get
foreclojure.problems/mark-completed,noir.session/put!
foreclojure.problems/mongo-key-from-number,clojure.core/keyword
foreclojure.problems/mongo-key-from-number,clojure.core/str
foreclojure.problems/next-problem-link,clojure.core/apply
foreclojure.problems/next-problem-link,clojure.core/seq
foreclojure.problems/next-problem-link,clojure.core/seq?
foreclojure.problems/next-problem-link,foreclojure.problems/next-unsolved-problem
foreclojure.problems/next-problem-link,foreclojure.problems/suggest-problems
foreclojure.problems/next-problem-link,foreclojure.utils/get-user
foreclojure.problems/next-problem-link,noir.session/get
foreclojure.problems/next-unsolved-problem,clojure.core/filter
foreclojure.problems/next-unsolved-problem,clojure.core/first
foreclojure.problems/next-unsolved-problem,clojure.core/identity
foreclojure.problems/next-unsolved-problem,clojure.core/rand-nth
foreclojure.problems/next-unsolved-problem,clojure.core/seq
foreclojure.problems/next-unsolved-problem,clojure.core/split-with
foreclojure.problems/next-unsolved-problem,foreclojure.utils/from-mongo
foreclojure.problems/next-unsolved-problem,somnium.congomongo/fetch
foreclojure.problems/number-from-mongo-key,clojure.core/name
foreclojure.problems/problem-feed,clojure.core/conj
foreclojure.problems/problem-feed,clojure.core/reduce
foreclojure.problems/problem-feed,clojure.core/str
foreclojure.problems/problem-feed,clojure.data.xml/element
foreclojure.problems/problem-feed,foreclojure.problems/get-recent-problems
foreclojure.problems/problem-page,clojure.core/force
foreclojure.problems/problem-page,clojure.core/seq
foreclojure.problems/problem-page,clojure.core/seq?
foreclojure.problems/problem-page,clojure.core/str
foreclojure.problems/problem-page,foreclojure.problems/code-box
foreclojure.problems/problem-page,foreclojure.problems/get-problem
foreclojure.problems/problem-page,foreclojure.utils/approver?
foreclojure.problems/problem-page,foreclojure.utils/flash-error
foreclojure.problems/problem-page,foreclojure.utils/login-link
foreclojure.problems/problem-page,noir.session/get
foreclojure.problems/problem-submission-page,clojure.core/list
foreclojure.problems/problem-submission-page,foreclojure.template/html-doc
foreclojure.problems/problem-submission-page,hiccup.form/drop-down
foreclojure.problems/problem-submission-page,hiccup.form/form-to
foreclojure.problems/problem-submission-page,hiccup.form/hidden-field
foreclojure.problems/problem-submission-page,hiccup.form/label
foreclojure.problems/problem-submission-page,hiccup.form/text-area
foreclojure.problems/problem-submission-page,hiccup.form/text-field
foreclojure.problems/problem-submission-page,noir.session/flash-get
foreclojure.problems/problems-routes,clojure.core/format
foreclojure.problems/problems-routes,clojure.core/get-in
foreclojure.problems/problems-routes,clojure.core/not=
foreclojure.problems/problems-routes,clout.core/route-compile
foreclojure.problems/problems-routes,compojure.core/make-route
foreclojure.problems/problems-routes,compojure.core/routes
foreclojure.problems/problems-routes,foreclojure.feeds/create-feed
foreclojure.problems/problems-routes,foreclojure.problems/access-unapproved-problem-list-page
foreclojure.problems/problems-routes,foreclojure.problems/approve-problem
foreclojure.problems/problems-routes,foreclojure.problems/create-problem
foreclojure.problems/problems-routes,foreclojure.problems/edit-problem
foreclojure.problems/problems-routes,foreclojure.problems/problem-feed
foreclojure.problems/problems-routes,foreclojure.problems/problem-list-page
foreclojure.problems/problems-routes,foreclojure.problems/problem-page
foreclojure.problems/problems-routes,foreclojure.problems/problem-submission-page
foreclojure.problems/problems-routes,foreclojure.problems/reject-problem
foreclojure.problems/problems-routes,foreclojure.problems/rest-run-code
foreclojure.problems/problems-routes,foreclojure.problems/show-solutions
foreclojure.problems/problems-routes,foreclojure.problems/static-run-code
foreclojure.problems/problems-routes,foreclojure.problems/total-solved-count
foreclojure.problems/problems-routes,foreclojure.problems/trim-code
foreclojure.problems/problems-routes,foreclojure.utils/as-int
foreclojure.problems/problems-routes,foreclojure.utils/flash-error
foreclojure.problems/read-string-safely,clojure.core/*in*
foreclojure.problems/read-string-safely,clojure.core/complement
foreclojure.problems/read-string-safely,clojure.core/doall
foreclojure.problems/read-string-safely,clojure.core/hash-map
foreclojure.problems/read-string-safely,clojure.core/pop-thread-bindings
foreclojure.problems/read-string-safely,clojure.core/push-thread-bindings
foreclojure.problems/read-string-safely,clojure.core/read
foreclojure.problems/read-string-safely,clojure.core/repeatedly
foreclojure.problems/read-string-safely,clojure.core/take-while
foreclojure.problems/record-golf-score!,clojure.core/fnil
foreclojure.problems/record-golf-score!,clojure.core/inc
foreclojure.problems/record-golf-score!,clojure.core/keyword
foreclojure.problems/record-golf-score!,clojure.core/not
foreclojure.problems/record-golf-score!,clojure.core/send
foreclojure.problems/record-golf-score!,clojure.core/seq
foreclojure.problems/record-golf-score!,clojure.core/seq?
foreclojure.problems/record-golf-score!,clojure.core/str
foreclojure.problems/record-golf-score!,foreclojure.problems/solved-stats
foreclojure.problems/record-golf-score!,foreclojure.users/golfer?
foreclojure.problems/record-golf-score!,foreclojure.utils/from-mongo
foreclojure.problems/record-golf-score!,foreclojure.utils/maybe-update
foreclojure.problems/record-golf-score!,noir.session/put!
foreclojure.problems/record-golf-score!,somnium.congomongo/fetch-one
foreclojure.problems/record-golf-score!,somnium.congomongo/update!
foreclojure.problems/reject-problem,clojure.core/seq
foreclojure.problems/reject-problem,clojure.core/seq?
foreclojure.problems/reject-problem,clojure.core/str
foreclojure.problems/reject-problem,foreclojure.problems/get-problem
foreclojure.problems/reject-problem,foreclojure.utils/approver?
foreclojure.problems/reject-problem,foreclojure.utils/flash-error
foreclojure.problems/reject-problem,foreclojure.utils/flash-msg
foreclojure.problems/reject-problem,foreclojure.utils/get-user
foreclojure.problems/reject-problem,foreclojure.utils/send-email
foreclojure.problems/reject-problem,noir.session/get
foreclojure.problems/reject-problem,somnium.congomongo/destroy!
foreclojure.problems/render-golf-chart,clojure.core/seq
foreclojure.problems/render-golf-chart,clojure.core/seq?
foreclojure.problems/render-golf-chart,clojure.core/str
foreclojure.problems/render-golf-chart,noir.session/get
foreclojure.problems/render-golf-chart,noir.session/remove!
foreclojure.problems/render-golf-score,clojure.core/seq
foreclojure.problems/render-golf-score,clojure.core/seq?
foreclojure.problems/render-golf-score,clojure.core/str
foreclojure.problems/render-golf-score,noir.session/get
foreclojure.problems/rest-run-code,cheshire.core/generate-string
foreclojure.problems/rest-run-code,clojure.core/seq
foreclojure.problems/rest-run-code,clojure.core/seq?
foreclojure.problems/rest-run-code,clojure.core/str
foreclojure.problems/rest-run-code,foreclojure.problems/render-golf-chart
foreclojure.problems/rest-run-code,foreclojure.problems/render-golf-score
foreclojure.problems/rest-run-code,foreclojure.problems/run-code
foreclojure.problems/run-code,clojure.core/assoc
foreclojure.problems/run-code,clojure.core/chunk
foreclojure.problems/run-code,clojure.core/chunk-append
foreclojure.problems/run-code,clojure.core/chunk-buffer
foreclojure.problems/run-code,clojure.core/chunk-cons
foreclojure.problems/run-code,clojure.core/chunk-first
foreclojure.problems/run-code,clojure.core/chunk-rest
foreclojure.problems/run-code,clojure.core/chunked-seq?
foreclojure.problems/run-code,clojure.core/cons
foreclojure.problems/run-code,clojure.core/empty?
foreclojure.problems/run-code,clojure.core/first
foreclojure.problems/run-code,clojure.core/map
foreclojure.problems/run-code,clojure.core/nil?
foreclojure.problems/run-code,clojure.core/pr-str
foreclojure.problems/run-code,clojure.core/rest
foreclojure.problems/run-code,clojure.core/seq
foreclojure.problems/run-code,clojure.core/seq?
foreclojure.problems/run-code,clojure.core/split-with
foreclojure.problems/run-code,clojure.string/join
foreclojure.problems/run-code,clojure.string/replace
foreclojure.problems/run-code,foreclojure.problems/get-problem
foreclojure.problems/run-code,foreclojure.problems/get-tester
foreclojure.problems/run-code,foreclojure.problems/mark-completed
foreclojure.problems/run-code,foreclojure.problems/read-string-safely
foreclojure.problems/run-code,foreclojure.problems/sb
foreclojure.problems/run-code,foreclojure.ring-utils/*url*
foreclojure.problems/sb,clojail.core/sandbox*
foreclojure.problems/show-solutions,clojure.core/seq
foreclojure.problems/show-solutions,clojure.core/seq?
foreclojure.problems/show-solutions,clojure.core/some
foreclojure.problems/show-solutions,clojure.core/str
foreclojure.problems/show-solutions,foreclojure.problems/show-solutions-page
foreclojure.problems/show-solutions,foreclojure.ring-utils/*url*
foreclojure.problems/show-solutions,foreclojure.utils/flash-error
foreclojure.problems/show-solutions,foreclojure.utils/get-user
foreclojure.problems/show-solutions,noir.session/get
foreclojure.problems/show-solutions,noir.session/put!
foreclojure.problems/show-solutions-page,clojure.core/chunk
foreclojure.problems/show-solutions-page,clojure.core/chunk-append
foreclojure.problems/show-solutions-page,clojure.core/chunk-buffer
foreclojure.problems/show-solutions-page,clojure.core/chunk-cons
foreclojure.problems/show-solutions-page,clojure.core/chunk-first
foreclojure.problems/show-solutions-page,clojure.core/chunk-rest
foreclojure.problems/show-solutions-page,clojure.core/chunked-seq?
foreclojure.problems/show-solutions-page,clojure.core/complement
foreclojure.problems/show-solutions-page,clojure.core/cons
foreclojure.problems/show-solutions-page,clojure.core/first
foreclojure.problems/show-solutions-page,clojure.core/interpose
foreclojure.problems/show-solutions-page,clojure.core/list
foreclojure.problems/show-solutions-page,clojure.core/map
foreclojure.problems/show-solutions-page,clojure.core/nil?
foreclojure.problems/show-solutions-page,clojure.core/rest
foreclojure.problems/show-solutions-page,clojure.core/seq
foreclojure.problems/show-solutions-page,clojure.core/seq?
foreclojure.problems/show-solutions-page,clojure.core/some
foreclojure.problems/show-solutions-page,clojure.core/take
foreclojure.problems/show-solutions-page,clojure.core/zipmap
foreclojure.problems/show-solutions-page,foreclojure.messages/err-msg
foreclojure.problems/show-solutions-page,foreclojure.problems/solution-block
foreclojure.problems/show-solutions-page,foreclojure.solutions/get-solution
foreclojure.problems/show-solutions-page,foreclojure.template/html-doc
foreclojure.problems/show-solutions-page,foreclojure.users/get-ranked-users
foreclojure.problems/show-solutions-page,foreclojure.utils/escape-html
foreclojure.problems/show-solutions-page,foreclojure.utils/from-mongo
foreclojure.problems/show-solutions-page,foreclojure.utils/get-user
foreclojure.problems/show-solutions-page,foreclojure.utils/login-link
foreclojure.problems/show-solutions-page,noir.session/flash-get
foreclojure.problems/show-solutions-page,noir.session/get
foreclojure.problems/show-solutions-page,somnium.congomongo/fetch
foreclojure.problems/show-solutions-page,somnium.congomongo/fetch-one
foreclojure.problems/solution-block,clojure.core/str
foreclojure.problems/solution-block,foreclojure.utils/escape-html
foreclojure.problems/solution-block,hiccup.element/link-to
foreclojure.problems/solved-stats,clojure.core/agent
foreclojure.problems/static-run-code,clojure.core/hash-map
foreclojure.problems/static-run-code,clojure.core/pop-thread-bindings
foreclojure.problems/static-run-code,clojure.core/push-thread-bindings
foreclojure.problems/static-run-code,clojure.core/seq
foreclojure.problems/static-run-code,clojure.core/seq?
foreclojure.problems/static-run-code,clojure.core/str
foreclojure.problems/static-run-code,foreclojure.problems/run-code
foreclojure.problems/static-run-code,foreclojure.ring-utils/*url*
foreclojure.problems/static-run-code,foreclojure.utils/flash-error
foreclojure.problems/static-run-code,foreclojure.utils/flash-msg
foreclojure.problems/static-run-code,noir.session/flash-put!
foreclojure.problems/store-completed-state!,clojure.core/fnil
foreclojure.problems/store-completed-state!,clojure.core/inc
foreclojure.problems/store-completed-state!,clojure.core/not-any?
foreclojure.problems/store-completed-state!,clojure.core/send
foreclojure.problems/store-completed-state!,clojure.core/seq
foreclojure.problems/store-completed-state!,clojure.core/seq?
foreclojure.problems/store-completed-state!,clojure.core/update-in
foreclojure.problems/store-completed-state!,foreclojure.problems/code-length
foreclojure.problems/store-completed-state!,foreclojure.problems/record-golf-score!
foreclojure.problems/store-completed-state!,foreclojure.problems/solved-stats
foreclojure.problems/store-completed-state!,foreclojure.solutions/save-solution
foreclojure.problems/store-completed-state!,foreclojure.utils/get-solved
foreclojure.problems/store-completed-state!,somnium.congomongo/fetch-one
foreclojure.problems/store-completed-state!,somnium.congomongo/update!
foreclojure.problems/total-solved-count,clojure.core/deref
foreclojure.problems/total-solved-count,clojure.core/str
foreclojure.problems/total-solved-count,foreclojure.problems/solved-stats
foreclojure.problems/unapproved-problem-list-page,foreclojure.problems/generate-unapproved-problems-list
foreclojure.problems/unapproved-problem-list-page,foreclojure.template/content-page
foreclojure.problems/unapproved-problem-list-page,foreclojure.template/html-doc
foreclojure.problems/wants-no-javascript-codebox?,clojure.core/seq
foreclojure.problems/wants-no-javascript-codebox?,clojure.core/seq?
foreclojure.problems/wants-no-javascript-codebox?,foreclojure.users/disable-codebox?
foreclojure.problems/wants-no-javascript-codebox?,foreclojure.utils/get-user
foreclojure.problems/wants-no-javascript-codebox?,noir.session/get
foreclojure.register/do-register,clojure.core/<
foreclojure.register/do-register,clojure.core/first
foreclojure.register/do-register,clojure.core/not
foreclojure.register/do-register,clojure.core/re-seq
foreclojure.register/do-register,foreclojure.messages/err-msg
foreclojure.register/do-register,foreclojure.utils/flash-error
foreclojure.register/do-register,foreclojure.utils/plausible-email?
foreclojure.register/do-register,noir.session/flash-put!
foreclojure.register/do-register,noir.session/put!
foreclojure.register/do-register,ring.util.response/redirect
foreclojure.register/do-register,somnium.congomongo/fetch-one
foreclojure.register/do-register,somnium.congomongo/insert!
foreclojure.register/register-page,clojure.core/list
foreclojure.register/register-page,clojure.core/map
foreclojure.register/register-page,foreclojure.template/html-doc
foreclojure.register/register-page,foreclojure.utils/form-row
foreclojure.register/register-page,hiccup.form/form-to
foreclojure.register/register-page,hiccup.form/password-field
foreclojure.register/register-page,hiccup.form/text-field
foreclojure.register/register-page,noir.session/flash-get
foreclojure.register/register-routes,clojure.core/seq
foreclojure.register/register-routes,clojure.core/seq?
foreclojure.register/register-routes,clout.core/route-compile
foreclojure.register/register-routes,compojure.core/make-route
foreclojure.register/register-routes,compojure.core/routes
foreclojure.register/register-routes,foreclojure.register/do-register
foreclojure.register/register-routes,foreclojure.register/register-page
foreclojure.ring-utils/get-host,clojure.core/get-in
foreclojure.ring-utils/wrap-request-bindings,clojure.core/hash-map
foreclojure.ring-utils/wrap-request-bindings,clojure.core/pop-thread-bindings
foreclojure.ring-utils/wrap-request-bindings,clojure.core/push-thread-bindings
foreclojure.ring-utils/wrap-request-bindings,foreclojure.config/canonical-host
foreclojure.ring-utils/wrap-request-bindings,foreclojure.ring-utils/get-host
foreclojure.ring/render-404,clojure.core/str
foreclojure.ring/render-404,foreclojure.ring-utils/static-url
foreclojure.ring/resources,clojure.core/seq
foreclojure.ring/resources,clojure.core/seq?
foreclojure.ring/resources,clojure.core/str
foreclojure.ring/resources,clojure.core/string?
foreclojure.ring/resources,clojure.java.io/as-file
foreclojure.ring/resources,clojure.java.io/resource
foreclojure.ring/resources,clout.core/route-compile
foreclojure.ring/resources,compojure.core/make-route
foreclojure.ring/resources,ring.util.response/response
foreclojure.ring/split-hosts,foreclojure.ring-utils/get-host
foreclojure.ring/wrap-404,compojure.core/routes
foreclojure.ring/wrap-404,compojure.route/not-found
foreclojure.ring/wrap-404,foreclojure.ring/render-404
foreclojure.ring/wrap-debug,clojure.core/>
foreclojure.ring/wrap-debug,clojure.core/every?
foreclojure.ring/wrap-debug,clojure.core/hash-map
foreclojure.ring/wrap-debug,clojure.core/partial
foreclojure.ring/wrap-debug,clojure.core/pop-thread-bindings
foreclojure.ring/wrap-debug,clojure.core/print
foreclojure.ring/wrap-debug,clojure.core/println
foreclojure.ring/wrap-debug,clojure.core/push-thread-bindings
foreclojure.ring/wrap-debug,clojure.core/str
foreclojure.ring/wrap-debug,clojure.core/subs
foreclojure.ring/wrap-debug,clojure.pprint/*print-miser-width*
foreclojure.ring/wrap-debug,clojure.pprint/code-dispatch
foreclojure.ring/wrap-debug,clojure.pprint/pprint
foreclojure.ring/wrap-debug,clojure.stacktrace/print-cause-trace
foreclojure.ring/wrap-strip-trailing-slash,clojure.core/update-in
foreclojure.ring/wrap-strip-trailing-slash,clojure.string/replace
foreclojure.ring/wrap-url-as-file,clojure.core/seq
foreclojure.ring/wrap-url-as-file,clojure.core/seq?
foreclojure.ring/wrap-url-as-file,clojure.core/update-in
foreclojure.ring/wrap-url-as-file,clojure.java.io/as-file
foreclojure.ring/wrap-versioned-expiry,clojure.core/assoc-in
foreclojure.ring/wrap-versioned-expiry,clojure.core/update-in
foreclojure.ring/wrap-versioned-expiry,foreclojure.version-utils/strip-version-number
foreclojure.settings/account-settings-box,clojure.core/list
foreclojure.settings/account-settings-box,clojure.core/map
foreclojure.settings/account-settings-box,foreclojure.utils/form-row
foreclojure.settings/account-settings-box,hiccup.form/password-field
foreclojure.settings/account-settings-box,hiccup.form/text-field
foreclojure.settings/do-update-settings!,clojure.core/<
foreclojure.settings/do-update-settings!,clojure.core/empty?
foreclojure.settings/do-update-settings!,clojure.core/first
foreclojure.settings/do-update-settings!,clojure.core/not
foreclojure.settings/do-update-settings!,clojure.core/re-seq
foreclojure.settings/do-update-settings!,clojure.core/seq
foreclojure.settings/do-update-settings!,clojure.core/seq?
foreclojure.settings/do-update-settings!,clojure.core/set
foreclojure.settings/do-update-settings!,clojure.core/str
foreclojure.settings/do-update-settings!,foreclojure.messages/err-msg
foreclojure.settings/do-update-settings!,foreclojure.utils/codemirror-themes
foreclojure.settings/do-update-settings!,foreclojure.utils/default-theme
foreclojure.settings/do-update-settings!,foreclojure.utils/flash-error
foreclojure.settings/do-update-settings!,foreclojure.utils/flash-msg
foreclojure.settings/do-update-settings!,foreclojure.utils/get-user
foreclojure.settings/do-update-settings!,foreclojure.utils/login-link
foreclojure.settings/do-update-settings!,foreclojure.utils/plausible-email?
foreclojure.settings/do-update-settings!,noir.session/get
foreclojure.settings/do-update-settings!,noir.session/put!
foreclojure.settings/do-update-settings!,somnium.congomongo/fetch-one
foreclojure.settings/do-update-settings!,somnium.congomongo/update!
foreclojure.settings/hide-settings-box,clojure.core/list
foreclojure.settings/hide-settings-box,foreclojure.users/hide-solutions?
foreclojure.settings/hide-settings-box,hiccup.form/check-box
foreclojure.settings/js-settings-box,clojure.core/list
foreclojure.settings/js-settings-box,foreclojure.users/disable-codebox?
foreclojure.settings/js-settings-box,hiccup.form/check-box
foreclojure.settings/settings-page,clojure.core/list
foreclojure.settings/settings-page,clojure.core/seq
foreclojure.settings/settings-page,clojure.core/seq?
foreclojure.settings/settings-page,foreclojure.messages/err-msg
foreclojure.settings/settings-page,foreclojure.settings/account-settings-box
foreclojure.settings/settings-page,foreclojure.settings/hide-settings-box
foreclojure.settings/settings-page,foreclojure.settings/js-settings-box
foreclojure.settings/settings-page,foreclojure.settings/theme-settings-box
foreclojure.settings/settings-page,foreclojure.template/content-page
foreclojure.settings/settings-page,foreclojure.template/html-doc
foreclojure.settings/settings-page,foreclojure.users/gravatar-img
foreclojure.settings/settings-page,foreclojure.utils/get-user
foreclojure.settings/settings-page,foreclojure.utils/login-link
foreclojure.settings/settings-page,hiccup.form/form-to
foreclojure.settings/settings-page,noir.session/get
foreclojure.settings/settings-routes,clojure.core/seq
foreclojure.settings/settings-routes,clojure.core/seq?
foreclojure.settings/settings-routes,clout.core/route-compile
foreclojure.settings/settings-routes,compojure.core/make-route
foreclojure.settings/settings-routes,compojure.core/routes
foreclojure.settings/settings-routes,foreclojure.settings/do-update-settings!
foreclojure.settings/settings-routes,foreclojure.settings/settings-page
foreclojure.settings/theme-settings-box,clojure.core/list
foreclojure.settings/theme-settings-box,foreclojure.settings/code-example
foreclojure.settings/theme-settings-box,foreclojure.utils/codemirror-themes
foreclojure.settings/theme-settings-box,hiccup.form/drop-down
foreclojure.settings/theme-settings-box,hiccup.form/text-area
foreclojure.social/clojure-hashtag,clojure.core/constantly
foreclojure.social/clojure-hashtag,foreclojure.social/throttled
foreclojure.social/get-problem-title,somnium.congomongo/fetch-one
foreclojure.social/paste!,clojure.core/str
foreclojure.social/paste!,foreclojure.social/get-problem-title
foreclojure.social/paste!,innuendo.core/create-paste
foreclojure.social/share-page,foreclojure.social/paste!
foreclojure.social/share-page,foreclojure.social/tweet-solution
foreclojure.social/share-page,foreclojure.template/html-doc
foreclojure.social/share-page,foreclojure.utils/escape-html
foreclojure.social/share-page,hiccup.element/link-to
foreclojure.social/share-page,noir.session/get
foreclojure.social/social-routes,clout.core/route-compile
foreclojure.social/social-routes,compojure.core/make-route
foreclojure.social/social-routes,compojure.core/routes
foreclojure.social/social-routes,foreclojure.social/share-page
foreclojure.social/throttled,clojure.core/apply
foreclojure.social/throttled,clojure.core/atom
foreclojure.social/throttled,clojure.core/seq
foreclojure.social/throttled,clojure.core/seq?
foreclojure.social/throttled,clojure.core/swap!
foreclojure.social/tweet-link,clojure.core/str
foreclojure.social/tweet-solution,clojure.core/str
foreclojure.social/tweet-solution,foreclojure.social/clojure-hashtag
foreclojure.social/tweet-solution,foreclojure.social/get-problem-title
foreclojure.social/tweet-solution,foreclojure.social/tweet-link
foreclojure.solutions/get-solution,clojure.core/first
foreclojure.solutions/get-solution,clojure.core/keyword
foreclojure.solutions/get-solution,clojure.core/not
foreclojure.solutions/get-solution,clojure.core/seq
foreclojure.solutions/get-solution,clojure.core/seq?
foreclojure.solutions/get-solution,clojure.core/some
foreclojure.solutions/get-solution,clojure.core/str
foreclojure.solutions/get-solution,clojure.core/vals
foreclojure.solutions/get-solution,foreclojure.messages/err-msg
foreclojure.solutions/get-solution,foreclojure.solutions/get-solution
foreclojure.solutions/get-solution,somnium.congomongo/fetch-one
foreclojure.solutions/save-solution,somnium.congomongo/update!
foreclojure.static/help-page,foreclojure.template/html-doc
foreclojure.static/static-routes,clout.core/route-compile
foreclojure.static/static-routes,compojure.core/make-route
foreclojure.static/static-routes,compojure.core/routes
foreclojure.static/static-routes,foreclojure.static/help-page
foreclojure.template/content-page,clojure.core/list
foreclojure.template/content-page,clojure.core/seq
foreclojure.template/content-page,clojure.core/seq?
foreclojure.template/content-page,noir.session/flash-get
foreclojure.template/html-doc,clojure.core/apply
foreclojure.template/html-doc,clojure.core/assoc
foreclojure.template/html-doc,clojure.core/chunk
foreclojure.template/html-doc,clojure.core/chunk-append
foreclojure.template/html-doc,clojure.core/chunk-buffer
foreclojure.template/html-doc,clojure.core/chunk-cons
foreclojure.template/html-doc,clojure.core/chunk-first
foreclojure.template/html-doc,clojure.core/chunk-rest
foreclojure.template/html-doc,clojure.core/chunked-seq?
foreclojure.template/html-doc,clojure.core/cons
foreclojure.template/html-doc,clojure.core/first
foreclojure.template/html-doc,clojure.core/format
foreclojure.template/html-doc,clojure.core/map
foreclojure.template/html-doc,clojure.core/map?
foreclojure.template/html-doc,clojure.core/merge
foreclojure.template/html-doc,clojure.core/nthnext
foreclojure.template/html-doc,clojure.core/rest
foreclojure.template/html-doc,clojure.core/seq
foreclojure.template/html-doc,clojure.core/str
foreclojure.template/html-doc,foreclojure.config/config
foreclojure.template/html-doc,foreclojure.config/repo-url
foreclojure.template/html-doc,foreclojure.ring-utils/static-url
foreclojure.template/html-doc,foreclojure.utils/approver?
foreclojure.template/html-doc,foreclojure.utils/can-submit?
foreclojure.template/html-doc,foreclojure.utils/codemirror-themes
foreclojure.template/html-doc,foreclojure.utils/get-theme
foreclojure.template/html-doc,foreclojure.utils/login-url
foreclojure.template/html-doc,foreclojure.utils/make-user-url
foreclojure.template/html-doc,foreclojure.utils/page-attributes
foreclojure.template/html-doc,foreclojure.utils/rendering-info
foreclojure.template/html-doc,foreclojure.version-utils/css
foreclojure.template/html-doc,foreclojure.version-utils/js
foreclojure.template/html-doc,hiccup.element/javascript-tag
foreclojure.template/html-doc,hiccup.element/link-to
foreclojure.template/html-doc,hiccup.page/doctype
foreclojure.template/html-doc,noir.session/get
foreclojure.users/all-users-page,clojure.core/list
foreclojure.users/all-users-page,foreclojure.config/repo-url
foreclojure.users/all-users-page,foreclojure.template/content-page
foreclojure.users/all-users-page,foreclojure.template/html-doc
foreclojure.users/all-users-page,foreclojure.users/generate-user-list
foreclojure.users/all-users-page,hiccup.element/link-to
foreclojure.users/datatable-filter,clojure.core/filter
foreclojure.users/datatable-paging,clojure.core/drop
foreclojure.users/datatable-paging,clojure.core/take
foreclojure.users/datatable-process,foreclojure.users/datatable-paging
foreclojure.users/datatable-process,foreclojure.users/datatable-sort
foreclojure.users/datatable-process,foreclojure.users/generate-datatable-users-list
foreclojure.users/datatable-sort,foreclojure.users/datatable-sort-cols
foreclojure.users/datatable-sort,foreclojure.users/datatable-sort-dir
foreclojure.users/datatable-sort-cols,clojure.core/comp
foreclojure.users/datatable-sort-cols,clojure.core/count
foreclojure.users/datatable-sort-cols,clojure.core/sort-by
foreclojure.users/datatable-sort-cols,foreclojure.users/sort-by-following
foreclojure.users/datatable-sort-dir,clojure.core/reverse
foreclojure.users/disable-codebox?,clojure.core/true?
foreclojure.users/email-address,somnium.congomongo/fetch-one
foreclojure.users/follow-url,clojure.core/str
foreclojure.users/follow-user,clojure.core/seq
foreclojure.users/follow-user,clojure.core/seq?
foreclojure.users/follow-user,foreclojure.messages/err-msg
foreclojure.users/follow-user,foreclojure.utils/get-user
foreclojure.users/follow-user,foreclojure.utils/login-link
foreclojure.users/follow-user,noir.session/get
foreclojure.users/follow-user,somnium.congomongo/update!
foreclojure.users/following-checkbox,clojure.core/contains?
foreclojure.users/following-checkbox,clojure.core/not
foreclojure.users/following-checkbox,clojure.core/not=
foreclojure.users/following-checkbox,foreclojure.users/follow-url
foreclojure.users/following-checkbox,hiccup.form/form-to
foreclojure.users/format-user-ranking,clojure.core/seq
foreclojure.users/format-user-ranking,clojure.core/seq?
foreclojure.users/format-user-ranking,clojure.core/str
foreclojure.users/format-user-ranking,foreclojure.utils/make-user-url
foreclojure.users/generate-datatable-users-list,clojure.core/list
foreclojure.users/generate-datatable-users-list,clojure.core/map-indexed
foreclojure.users/generate-datatable-users-list,clojure.core/seq
foreclojure.users/generate-datatable-users-list,clojure.core/seq?
foreclojure.users/generate-datatable-users-list,clojure.core/set
foreclojure.users/generate-datatable-users-list,clojure.core/str
foreclojure.users/generate-datatable-users-list,foreclojure.users/following-checkbox
foreclojure.users/generate-datatable-users-list,foreclojure.users/gravatar-img
foreclojure.users/generate-datatable-users-list,foreclojure.utils/get-user
foreclojure.users/generate-datatable-users-list,noir.session/get
foreclojure.users/generate-user-list,clojure.core/list
foreclojure.users/generate-user-list,clojure.core/map-indexed
foreclojure.users/generate-user-list,clojure.core/seq
foreclojure.users/generate-user-list,clojure.core/seq?
foreclojure.users/generate-user-list,clojure.core/set
foreclojure.users/generate-user-list,clojure.core/str
foreclojure.users/generate-user-list,foreclojure.users/following-checkbox
foreclojure.users/generate-user-list,foreclojure.users/gravatar-img
foreclojure.users/generate-user-list,foreclojure.utils/get-user
foreclojure.users/generate-user-list,foreclojure.utils/rank-class
foreclojure.users/generate-user-list,foreclojure.utils/row-class
foreclojure.users/generate-user-list,noir.session/get
foreclojure.users/get-problems,clojure.core/group-by
foreclojure.users/get-problems,foreclojure.users/get-problems
foreclojure.users/get-problems,foreclojure.utils/from-mongo
foreclojure.users/get-problems,somnium.congomongo/fetch
foreclojure.users/get-ranked-users,clojure.core/chunk
foreclojure.users/get-ranked-users,clojure.core/chunk-append
foreclojure.users/get-ranked-users,clojure.core/chunk-buffer
foreclojure.users/get-ranked-users,clojure.core/chunk-cons
foreclojure.users/get-ranked-users,clojure.core/chunk-first
foreclojure.users/get-ranked-users,clojure.core/chunk-rest
foreclojure.users/get-ranked-users,clojure.core/chunked-seq?
foreclojure.users/get-ranked-users,clojure.core/cons
foreclojure.users/get-ranked-users,clojure.core/first
foreclojure.users/get-ranked-users,clojure.core/group-by
foreclojure.users/get-ranked-users,clojure.core/into
foreclojure.users/get-ranked-users,clojure.core/key
foreclojure.users/get-ranked-users,clojure.core/map
foreclojure.users/get-ranked-users,clojure.core/reduce
foreclojure.users/get-ranked-users,clojure.core/rest
foreclojure.users/get-ranked-users,clojure.core/seq
foreclojure.users/get-ranked-users,clojure.core/sort-by
foreclojure.users/get-ranked-users,clojure.core/val
foreclojure.users/get-ranked-users,foreclojure.users/get-users
foreclojure.users/get-solved,clojure.core/filter
foreclojure.users/get-solved,clojure.core/map
foreclojure.users/get-solved,clojure.core/set
foreclojure.users/get-solved,foreclojure.users/get-solved
foreclojure.users/get-solved,foreclojure.utils/from-mongo
foreclojure.users/get-solved,foreclojure.utils/get-user
foreclojure.users/get-solved,somnium.congomongo/fetch
foreclojure.users/get-top-100-and-current-user,clojure.core/comp
foreclojure.users/get-top-100-and-current-user,clojure.core/filter
foreclojure.users/get-top-100-and-current-user,clojure.core/first
foreclojure.users/get-top-100-and-current-user,clojure.core/str
foreclojure.users/get-top-100-and-current-user,clojure.core/take
foreclojure.users/get-top-100-and-current-user,clojure.core/update-in
foreclojure.users/get-top-100-and-current-user,foreclojure.users/get-ranked-users
foreclojure.users/get-user-id,somnium.congomongo/fetch-one
foreclojure.users/get-users,foreclojure.utils/from-mongo
foreclojure.users/get-users,somnium.congomongo/fetch
foreclojure.users/golfer-tags,clojure.core/into
foreclojure.users/golfer-tags,foreclojure.config/config
foreclojure.users/golfer?,clojure.core/some
foreclojure.users/golfer?,foreclojure.users/golfer-tags
foreclojure.users/hide-solutions?,clojure.core/true?
foreclojure.users/mailto,clojure.core/str
foreclojure.users/mailto,foreclojure.users/email-address
foreclojure.users/mailto,hiccup.element/link-to
foreclojure.users/rest-follow-user,cheshire.core/generate-string
foreclojure.users/rest-follow-user,clojure.core/not
foreclojure.users/rest-follow-user,foreclojure.users/follow-url
foreclojure.users/rest-follow-user,foreclojure.users/follow-user
foreclojure.users/sort-by-following,clojure.core/contains?
foreclojure.users/sort-by-following,clojure.core/seq
foreclojure.users/sort-by-following,clojure.core/seq?
foreclojure.users/sort-by-following,clojure.core/set
foreclojure.users/sort-by-following,foreclojure.utils/get-user
foreclojure.users/sort-by-following,noir.session/get
foreclojure.users/static-follow-user,clojure.core/str
foreclojure.users/static-follow-user,foreclojure.users/follow-user
foreclojure.users/static-follow-user,ring.util.response/redirect
foreclojure.users/top-users-page,clojure.core/list
foreclojure.users/top-users-page,clojure.core/seq
foreclojure.users/top-users-page,clojure.core/seq?
foreclojure.users/top-users-page,foreclojure.config/repo-url
foreclojure.users/top-users-page,foreclojure.template/content-page
foreclojure.users/top-users-page,foreclojure.template/html-doc
foreclojure.users/top-users-page,foreclojure.users/format-user-ranking
foreclojure.users/top-users-page,foreclojure.users/generate-user-list
foreclojure.users/top-users-page,foreclojure.users/get-top-100-and-current-user
foreclojure.users/top-users-page,hiccup.element/link-to
foreclojure.users/top-users-page,noir.session/get
foreclojure.users/user-datatable-query,clojure.core/str
foreclojure.users/user-datatable-query,foreclojure.users/datatable-filter
foreclojure.users/user-datatable-query,foreclojure.users/datatable-process
foreclojure.users/user-datatable-query,foreclojure.users/get-ranked-users
foreclojure.users/user-profile,clojure.core/chunk
foreclojure.users/user-profile,clojure.core/chunk-append
foreclojure.users/user-profile,clojure.core/chunk-buffer
foreclojure.users/user-profile,clojure.core/chunk-cons
foreclojure.users/user-profile,clojure.core/chunk-first
foreclojure.users/user-profile,clojure.core/chunk-rest
foreclojure.users/user-profile,clojure.core/chunked-seq?
foreclojure.users/user-profile,clojure.core/cons
foreclojure.users/user-profile,clojure.core/first
foreclojure.users/user-profile,clojure.core/list
foreclojure.users/user-profile,clojure.core/not=
foreclojure.users/user-profile,clojure.core/rest
foreclojure.users/user-profile,clojure.core/seq
foreclojure.users/user-profile,clojure.core/seq?
foreclojure.users/user-profile,clojure.core/some
foreclojure.users/user-profile,clojure.core/str
foreclojure.users/user-profile,foreclojure.template/html-doc
foreclojure.users/user-profile,foreclojure.users/get-problems
foreclojure.users/user-profile,foreclojure.users/get-solved
foreclojure.users/user-profile,foreclojure.users/gravatar-img
foreclojure.users/user-profile,foreclojure.utils/get-user
foreclojure.users/user-profile,hiccup.form/form-to
foreclojure.users/user-profile,noir.session/get
foreclojure.users/users-routes,clojure.core/get-in
foreclojure.users/users-routes,clout.core/route-compile
foreclojure.users/users-routes,compojure.core/make-route
foreclojure.users/users-routes,compojure.core/routes
foreclojure.users/users-routes,foreclojure.users/all-users-page
foreclojure.users/users-routes,foreclojure.users/rest-follow-user
foreclojure.users/users-routes,foreclojure.users/static-follow-user
foreclojure.users/users-routes,foreclojure.users/top-users-page
foreclojure.users/users-routes,foreclojure.users/user-profile
foreclojure.users/users-routes,foreclojure.utils/get-user
foreclojure.utils/approver?,foreclojure.utils/user-attribute
foreclojure.utils/as-int,clojure.core/integer?
foreclojure.utils/can-submit?,foreclojure.config/config
foreclojure.utils/can-submit?,foreclojure.utils/approver?
foreclojure.utils/can-submit?,foreclojure.utils/get-solved
foreclojure.utils/flash-error,foreclojure.utils/flash-fn
foreclojure.utils/flash-fn,noir.session/flash-put!
foreclojure.utils/flash-fn,ring.util.response/redirect
foreclojure.utils/flash-msg,foreclojure.utils/flash-fn
foreclojure.utils/form-row,hiccup.form/label
foreclojure.utils/from-mongo,clojure.core/float?
foreclojure.utils/from-mongo,clojure.core/int
foreclojure.utils/from-mongo,clojure.walk/postwalk
foreclojure.utils/from-mongo,useful.fn/to-fix
foreclojure.utils/get-solved,clojure.core/comp
foreclojure.utils/get-solved,clojure.core/set
foreclojure.utils/get-solved,foreclojure.utils/user-attribute
foreclojure.utils/get-theme,clojure.core/seq
foreclojure.utils/get-theme,clojure.core/seq?
foreclojure.utils/get-theme,foreclojure.utils/default-theme
foreclojure.utils/get-theme,foreclojure.utils/get-user
foreclojure.utils/get-theme,noir.session/get
foreclojure.utils/get-user,foreclojure.utils/from-mongo
foreclojure.utils/get-user,somnium.congomongo/fetch-one
foreclojure.utils/image-builder,clojure.core/identity
foreclojure.utils/image-builder,clojure.core/seq
foreclojure.utils/image-builder,clojure.core/seq?
foreclojure.utils/image-builder,foreclojure.ring-utils/static-url
foreclojure.utils/login-link,clojure.core/str
foreclojure.utils/login-link,foreclojure.ring-utils/*url*
foreclojure.utils/login-link,foreclojure.utils/login-link
foreclojure.utils/login-link,foreclojure.utils/login-url
foreclojure.utils/login-link,hiccup.element/link-to
foreclojure.utils/login-url,clojure.core/str
foreclojure.utils/login-url,foreclojure.ring-utils/*url*
foreclojure.utils/login-url,foreclojure.utils/login-url
foreclojure.utils/make-user-url,clojure.core/str
foreclojure.utils/maybe-update,clojure.core/apply
foreclojure.utils/maybe-update,clojure.core/assoc
foreclojure.utils/maybe-update,clojure.core/dissoc
foreclojure.utils/maybe-update,clojure.core/nthnext
foreclojure.utils/maybe-update,foreclojure.utils/maybe-update
foreclojure.utils/plausible-email?,clojure.core/re-find
foreclojure.utils/rank-class,clojure.core/even?
foreclojure.utils/row-class,clojure.core/even?
foreclojure.utils/send-email,clojure.core/chunk-first
foreclojure.utils/send-email,clojure.core/chunk-rest
foreclojure.utils/send-email,clojure.core/chunked-seq?
foreclojure.utils/send-email,clojure.core/first
foreclojure.utils/send-email,clojure.core/next
foreclojure.utils/send-email,clojure.core/seq
foreclojure.utils/send-email,clojure.core/seq?
foreclojure.utils/send-email,foreclojure.config/config
foreclojure.utils/user-attribute,foreclojure.utils/from-mongo
foreclojure.utils/user-attribute,somnium.congomongo/fetch-one
foreclojure.version/version,clojure.core/str
foreclojure.version/version,foreclojure.config/repo-url
foreclojure.version/version,foreclojure.git/sha
foreclojure.version/version,foreclojure.git/tag
foreclojure.version/version,foreclojure.template/html-doc
foreclojure.version/version-routes,clout.core/route-compile
foreclojure.version/version-routes,compojure.core/make-route
foreclojure.version/version-routes,compojure.core/routes
foreclojure.version/version-routes,foreclojure.version/version
